{
    "CodeSkeletonMacro":true,
    "FunctionMacros":true,
    "macros": [
        {
        "key":"1",
        "code": "\n//wow! Code appeared\n",
        "carBack": 0
        },
        {
            "key":"t8*12>?<./,123;;d",
            "code": "HEY",
            "carBack": 1
        }
    ],
    "replaceMacros": [
        {
            "key":"/as",
            "code": "/*\n COMP 1010    SECTION A03\n INTRUCTOR    Dr Celine Latulipe\n NAME:        Josh Chartrand\n ASSIGNMENT:  Assignment #2\n QUESTION:    Question #1\n PURPOSE:     Draws a static image of a boat \n*/\n",
            "carBack": 76
        },
        {
            "key":"/lab",
            "code": "/* Lab 04 Fall - COMP 1010 - Bronze Exercise\n Author: Joshua Chartrand\n Date: Oct 7, 2021\n \n*/\n",
            "carBack": 75
        },
        {
            "key":"/void",
            "code": "/*Purpose:       \n* Value sources: \n* Output:        \n* Calculations:  \n*/",
            "carBack": 3
        },
        {
            "key":"/cl",
            "code": "/*\n In-Class exercises\n Week 5\n Oct 7, 2021\n exercise 1\n Comlpleted\n*/\n",
            "carBack": 0
        },
        {
            "key":"keyPressed",
            "code": "void keyPressed() {\n   \n}",
            "carBack": 2
        }
        
    ]
}