{
    "CodeSkeletonMacro":true,
    "FunctionMacros":true,
    "input":true,
    "macros": [
        {
            "key":"for",
            "code": "(int i=0; i < 10; i++){\n   \n}\n",
            "carBack":14
        },
        {
            "key":"if",
            "code": "(){\n   \n}\n",
            "carBack":9
        },
        {
            "key":"while",
            "code": "(){\n   \n}\n",
            "carBack":9
        },
        {
            "key":"do",
            "code": "{\n   \n}while();\n",
            "carBack":3
        },
        {
            "key":"switch",
            "code": "(){\n   case 1:\n   break;\n   default:\n}\n",
            "carBack":38
        }
    ],
    "replaceMacros": [
        {
            "key":"setup",
            "code": "void setup(){\n   \n}\n",
            "carBack":3,
            "import": ""
        },
        {
            "key":"draw",
            "code": "void draw(){\n   \n}\n",
            "carBack":3,
            "import": ""
        },
        {
            "key":"swing",
            "code": "",
            "carBack":0,
            "import": "import javax.swing.*;\n"
        }
    ]
}